unit,scenario,life_extension_cycles,net_benefit_usd
1,Early repair (50% of life),21,45150
1,Mid repair (70% of life),3,42450
1,Late repair (85% of life),34,47100
2,Early repair (50% of life),9,43350
2,Mid repair (70% of life),32,46800
2,Late repair (85% of life),27,46050
3,Early repair (50% of life),0,42000
3,Mid repair (70% of life),4,42600
3,Late repair (85% of life),14,44100
4,Early repair (50% of life),1,42150
4,Mid repair (70% of life),11,43650
4,Late repair (85% of life),12,43800
5,Early repair (50% of life),12,43800
5,Mid repair (70% of life),2,42300
5,Late repair (85% of life),21,45150
6,Early repair (50% of life),36,47400
6,Mid repair (70% of life),29,46350
6,Late repair (85% of life),24,45600
7,Early repair (50% of life),1,42150
7,Mid repair (70% of life),18,44700
7,Late repair (85% of life),27,46050
8,Early repair (50% of life),0,42000
8,Mid repair (70% of life),12,43800
8,Late repair (85% of life),17,44550
9,Early repair (50% of life),0,42000
9,Mid repair (70% of life),1,42150
9,Late repair (85% of life),11,43650
10,Early repair (50% of life),1,42150
10,Mid repair (70% of life),30,46500
10,Late repair (85% of life),25,45750
11,Early repair (50% of life),23,45450
11,Mid repair (70% of life),11,43650
11,Late repair (85% of life),18,44700
12,Early repair (50% of life),1,42150
12,Mid repair (70% of life),4,42600
12,Late repair (85% of life),22,45300
13,Early repair (50% of life),0,42000
13,Mid repair (70% of life),13,43950
13,Late repair (85% of life),19,44850
14,Early repair (50% of life),6,42900
14,Mid repair (70% of life),7,43050
14,Late repair (85% of life),64,51600
15,Early repair (50% of life),8,43200
15,Mid repair (70% of life),14,44100
15,Late repair (85% of life),22,45300
16,Early repair (50% of life),25,45750
16,Mid repair (70% of life),22,45300
16,Late repair (85% of life),25,45750
17,Early repair (50% of life),0,42000
17,Mid repair (70% of life),34,47100
17,Late repair (85% of life),29,46350
18,Early repair (50% of life),10,43500
18,Mid repair (70% of life),5,42750
18,Late repair (85% of life),9,43350
19,Early repair (50% of life),5,42750
19,Mid repair (70% of life),13,43950
19,Late repair (85% of life),16,44400
20,Early repair (50% of life),1,42150
20,Mid repair (70% of life),17,44550
20,Late repair (85% of life),14,44100
21,Early repair (50% of life),0,42000
21,Mid repair (70% of life),3,42450
21,Late repair (85% of life),10,43500
22,Early repair (50% of life),2,42300
22,Mid repair (70% of life),5,42750
22,Late repair (85% of life),7,43050
23,Early repair (50% of life),31,46650
23,Mid repair (70% of life),24,45600
23,Late repair (85% of life),11,43650
24,Early repair (50% of life),32,46800
24,Mid repair (70% of life),8,43200
24,Late repair (85% of life),17,44550
25,Early repair (50% of life),0,42000
25,Mid repair (70% of life),13,43950
25,Late repair (85% of life),12,43800
26,Early repair (50% of life),0,42000
26,Mid repair (70% of life),2,42300
26,Late repair (85% of life),19,44850
27,Early repair (50% of life),14,44100
27,Mid repair (70% of life),11,43650
27,Late repair (85% of life),11,43650
28,Early repair (50% of life),0,42000
28,Mid repair (70% of life),7,43050
28,Late repair (85% of life),21,45150
29,Early repair (50% of life),5,42750
29,Mid repair (70% of life),28,46200
29,Late repair (85% of life),14,44100
30,Early repair (50% of life),0,42000
30,Mid repair (70% of life),10,43500
30,Late repair (85% of life),15,44250
31,Early repair (50% of life),33,46950
31,Mid repair (70% of life),29,46350
31,Late repair (85% of life),53,49950
32,Early repair (50% of life),3,42450
32,Mid repair (70% of life),39,47850
32,Late repair (85% of life),22,45300
33,Early repair (50% of life),30,46500
33,Mid repair (70% of life),3,42450
33,Late repair (85% of life),22,45300
34,Early repair (50% of life),27,46050
34,Mid repair (70% of life),12,43800
34,Late repair (85% of life),24,45600
35,Early repair (50% of life),12,43800
35,Mid repair (70% of life),25,45750
35,Late repair (85% of life),23,45450
36,Early repair (50% of life),38,47700
36,Mid repair (70% of life),3,42450
36,Late repair (85% of life),22,45300
37,Early repair (50% of life),3,42450
37,Mid repair (70% of life),25,45750
37,Late repair (85% of life),26,45900
38,Early repair (50% of life),0,42000
38,Mid repair (70% of life),3,42450
38,Late repair (85% of life),20,45000
39,Early repair (50% of life),27,46050
39,Mid repair (70% of life),10,43500
39,Late repair (85% of life),24,45600
40,Early repair (50% of life),7,43050
40,Mid repair (70% of life),37,47550
40,Late repair (85% of life),18,44700
41,Early repair (50% of life),0,42000
41,Mid repair (70% of life),22,45300
41,Late repair (85% of life),23,45450
42,Early repair (50% of life),40,48000
42,Mid repair (70% of life),4,42600
42,Late repair (85% of life),28,46200
43,Early repair (50% of life),32,46800
43,Mid repair (70% of life),19,44850
43,Late repair (85% of life),23,45450
44,Early repair (50% of life),8,43200
44,Mid repair (70% of life),2,42300
44,Late repair (85% of life),18,44700
45,Early repair (50% of life),2,42300
45,Mid repair (70% of life),8,43200
45,Late repair (85% of life),18,44700
46,Early repair (50% of life),0,42000
46,Mid repair (70% of life),13,43950
46,Late repair (85% of life),36,47400
47,Early repair (50% of life),46,48900
47,Mid repair (70% of life),3,42450
47,Late repair (85% of life),17,44550
48,Early repair (50% of life),0,42000
48,Mid repair (70% of life),10,43500
48,Late repair (85% of life),20,45000
49,Early repair (50% of life),10,43500
49,Mid repair (70% of life),15,44250
49,Late repair (85% of life),9,43350
50,Early repair (50% of life),28,46200
50,Mid repair (70% of life),21,45150
50,Late repair (85% of life),20,45000
51,Early repair (50% of life),5,42750
51,Mid repair (70% of life),0,42000
51,Late repair (85% of life),11,43650
52,Early repair (50% of life),43,48450
52,Mid repair (70% of life),17,44550
52,Late repair (85% of life),38,47700
53,Early repair (50% of life),25,45750
53,Mid repair (70% of life),23,45450
53,Late repair (85% of life),27,46050
54,Early repair (50% of life),10,43500
54,Mid repair (70% of life),15,44250
54,Late repair (85% of life),21,45150
55,Early repair (50% of life),11,43650
55,Mid repair (70% of life),8,43200
55,Late repair (85% of life),9,43350
56,Early repair (50% of life),0,42000
56,Mid repair (70% of life),32,46800
56,Late repair (85% of life),36,47400
57,Early repair (50% of life),1,42150
57,Mid repair (70% of life),5,42750
57,Late repair (85% of life),4,42600
58,Early repair (50% of life),0,42000
58,Mid repair (70% of life),18,44700
58,Late repair (85% of life),8,43200
59,Early repair (50% of life),41,48150
59,Mid repair (70% of life),7,43050
59,Late repair (85% of life),32,46800
60,Early repair (50% of life),6,42900
60,Mid repair (70% of life),23,45450
60,Late repair (85% of life),21,45150
61,Early repair (50% of life),10,43500
61,Mid repair (70% of life),2,42300
61,Late repair (85% of life),14,44100
62,Early repair (50% of life),0,42000
62,Mid repair (70% of life),34,47100
62,Late repair (85% of life),44,48600
63,Early repair (50% of life),32,46800
63,Mid repair (70% of life),38,47700
63,Late repair (85% of life),18,44700
64,Early repair (50% of life),71,52650
64,Mid repair (70% of life),26,45900
64,Late repair (85% of life),57,50550
65,Early repair (50% of life),0,42000
65,Mid repair (70% of life),22,45300
65,Late repair (85% of life),12,43800
66,Early repair (50% of life),55,50250
66,Mid repair (70% of life),36,47400
66,Late repair (85% of life),25,45750
67,Early repair (50% of life),34,47100
67,Mid repair (70% of life),19,44850
67,Late repair (85% of life),38,47700
68,Early repair (50% of life),1,42150
68,Mid repair (70% of life),17,44550
68,Late repair (85% of life),20,45000
69,Early repair (50% of life),6,42900
69,Mid repair (70% of life),51,49650
69,Late repair (85% of life),47,49050
70,Early repair (50% of life),42,48300
70,Mid repair (70% of life),17,44550
70,Late repair (85% of life),21,45150
71,Early repair (50% of life),0,42000
71,Mid repair (70% of life),10,43500
71,Late repair (85% of life),22,45300
72,Early repair (50% of life),10,43500
72,Mid repair (70% of life),11,43650
72,Late repair (85% of life),23,45450
73,Early repair (50% of life),18,44700
73,Mid repair (70% of life),26,45900
73,Late repair (85% of life),22,45300
74,Early repair (50% of life),46,48900
74,Mid repair (70% of life),20,45000
74,Late repair (85% of life),39,47850
75,Early repair (50% of life),46,48900
75,Mid repair (70% of life),41,48150
75,Late repair (85% of life),17,44550
76,Early repair (50% of life),9,43350
76,Mid repair (70% of life),17,44550
76,Late repair (85% of life),27,46050
77,Early repair (50% of life),7,43050
77,Mid repair (70% of life),14,44100
77,Late repair (85% of life),14,44100
78,Early repair (50% of life),0,42000
78,Mid repair (70% of life),12,43800
78,Late repair (85% of life),29,46350
79,Early repair (50% of life),0,42000
79,Mid repair (70% of life),21,45150
79,Late repair (85% of life),16,44400
80,Early repair (50% of life),7,43050
80,Mid repair (70% of life),32,46800
80,Late repair (85% of life),11,43650
81,Early repair (50% of life),6,42900
81,Mid repair (70% of life),20,45000
81,Late repair (85% of life),28,46200
82,Early repair (50% of life),0,42000
82,Mid repair (70% of life),26,45900
82,Late repair (85% of life),12,43800
83,Early repair (50% of life),40,48000
83,Mid repair (70% of life),28,46200
83,Late repair (85% of life),33,46950
84,Early repair (50% of life),0,42000
84,Mid repair (70% of life),5,42750
84,Late repair (85% of life),33,46950
85,Early repair (50% of life),0,42000
85,Mid repair (70% of life),15,44250
85,Late repair (85% of life),18,44700
86,Early repair (50% of life),28,46200
86,Mid repair (70% of life),33,46950
86,Late repair (85% of life),22,45300
87,Early repair (50% of life),0,42000
87,Mid repair (70% of life),10,43500
87,Late repair (85% of life),21,45150
88,Early repair (50% of life),49,49350
88,Mid repair (70% of life),3,42450
88,Late repair (85% of life),12,43800
89,Early repair (50% of life),0,42000
89,Mid repair (70% of life),39,47850
89,Late repair (85% of life),22,45300
90,Early repair (50% of life),0,42000
90,Mid repair (70% of life),13,43950
90,Late repair (85% of life),15,44250
91,Early repair (50% of life),6,42900
91,Mid repair (70% of life),13,43950
91,Late repair (85% of life),9,43350
92,Early repair (50% of life),0,42000
92,Mid repair (70% of life),31,46650
92,Late repair (85% of life),28,46200
93,Early repair (50% of life),28,46200
93,Mid repair (70% of life),31,46650
93,Late repair (85% of life),14,44100
94,Early repair (50% of life),20,45000
94,Mid repair (70% of life),25,45750
94,Late repair (85% of life),29,46350
95,Early repair (50% of life),20,45000
95,Mid repair (70% of life),33,46950
95,Late repair (85% of life),33,46950
96,Early repair (50% of life),31,46650
96,Mid repair (70% of life),42,48300
96,Late repair (85% of life),39,47850
97,Early repair (50% of life),2,42300
97,Mid repair (70% of life),13,43950
97,Late repair (85% of life),12,43800
98,Early repair (50% of life),10,43500
98,Mid repair (70% of life),13,43950
98,Late repair (85% of life),29,46350
99,Early repair (50% of life),3,42450
99,Mid repair (70% of life),29,46350
99,Late repair (85% of life),22,45300
100,Early repair (50% of life),12,43800
100,Mid repair (70% of life),15,44250
100,Late repair (85% of life),74,53100
