Sensor,Aggregated Importance
sensor_4,0.6959447051629299
sensor_9,0.10892521587629012
sensor_11,0.09063077656418961
sensor_14,0.018728825756113572
sensor_15,0.014296060466451481
sensor_7,0.012350431474469932
sensor_12,0.010703739848559215
sensor_21,0.010491602202278946
sensor_20,0.008613299031744608
sensor_2,0.007658382869675035
sensor_3,0.007008048393650943
sensor_13,0.006916147240763287
sensor_8,0.005371711985380572
sensor_17,0.0023517140144287086
sensor_6,9.339113073956699e-06
sensor_5,0.0
sensor_1,0.0
sensor_10,0.0
sensor_16,0.0
sensor_19,0.0
sensor_18,0.0
